CFA_B_1,Ethical and Professional Standards,CFA_B_1_SS_1,Study Session 1,CFA_B_1_SS_1_R_1,Reading 1. Code of Ethics and Standards of Professional Conduct Standards of Practice Handbook Eleventh Edition ,CFA_B_1_SS_1_R_1_L_a,A) The Code of Ethics,2
CFA_B_1,Ethical and Professional Standards,CFA_B_1_SS_1,Study Session 1,CFA_B_1_SS_1_R_2,Reading 2. Guidance for Standards VII Standards of Practice Handbook Eleventh Edition,CFA_B_1_SS_1_R_2_L_a,A) PROFESSIONALISM,6
CFA_B_1,Ethical and Professional Standards,CFA_B_1_SS_1,Study Session 1,CFA_B_1_SS_1_R_2,Reading 2. Guidance for Standards VII Standards of Practice Handbook Eleventh Edition,CFA_B_1_SS_1_R_2_L_b,B) INTEGRITY OF CAPITAL MARKETS,1
CFA_B_1,Ethical and Professional Standards,CFA_B_1_SS_1,Study Session 1,CFA_B_1_SS_1_R_2,Reading 2. Guidance for Standards VII Standards of Practice Handbook Eleventh Edition,CFA_B_1_SS_1_R_2_L_c,C) DUTIES TO CLIENTS,2
CFA_B_1,Ethical and Professional Standards,CFA_B_1_SS_1,Study Session 1,CFA_B_1_SS_1_R_2,Reading 2. Guidance for Standards VII Standards of Practice Handbook Eleventh Edition,CFA_B_1_SS_1_R_2_L_d,D) DUTIES TO EMPLOYERS,1
CFA_B_1,Ethical and Professional Standards,CFA_B_1_SS_1,Study Session 1,CFA_B_1_SS_1_R_2,Reading 2. Guidance for Standards VII Standards of Practice Handbook Eleventh Edition,CFA_B_1_SS_1_R_2_L_e,E) INVESTMENT ANALYSIS RECOMMENDATIONS AND ACTIONS,1
CFA_B_1,Ethical and Professional Standards,CFA_B_1_SS_1,Study Session 1,CFA_B_1_SS_1_R_2,Reading 2. Guidance for Standards VII Standards of Practice Handbook Eleventh Edition,CFA_B_1_SS_1_R_2_L_f,F) CONFLICTS OF INTEREST,1
CFA_B_1,Ethical and Professional Standards,CFA_B_1_SS_1,Study Session 1,CFA_B_1_SS_1_R_2,Reading 2. Guidance for Standards VII Standards of Practice Handbook Eleventh Edition,CFA_B_1_SS_1_R_2_L_g,G) RESPONSIBILITIES AS A CFA INSTITUTE MEMBER OR CFA CANDIDATE,1
CFA_B_1,Ethical and Professional Standards,CFA_B_1_SS_2,Study Session 2,CFA_B_1_SS_2_R_4,READING 4. ASSET MANAGER CODE OF PROFESSIONAL CONDUCT ,CFA_B_1_SS_2_R_4_L_a,A) SIX GENERAL PRINCIPAL,2
CFA_B_1,Ethical and Professional Standards,CFA_B_1_SS_2,Study Session 2,CFA_B_1_SS_2_R_4,READING 4. ASSET MANAGER CODE OF PROFESSIONAL CONDUCT ,CFA_B_1_SS_2_R_4_L_b,B) SIX COMPONENTS OF THE ASSET MANAGER CODE OF CONDUCT,3
CFA_B_1,Ethical and Professional Standards,CFA_B_1_SS_2,Study Session 2,CFA_B_1_SS_2_R_4,READING 4. ASSET MANAGER CODE OF PROFESSIONAL CONDUCT ,CFA_B_1_SS_2_R_4_L_c,C) POINTS,0
CFA_B_2,Behavioral Finance Individual Investors and Institutional Investors,CFA_B_2_SS_3,Study Session 3,CFA_B_2_SS_3_R_5,READING 5. THE BEHAVIORAL FINANCE PERSPECTIVE,CFA_B_2_SS_3_R_5_L_a,A) TRADITIONAL AND BEHAVIORAL FINANCE,8
CFA_B_2,Behavioral Finance Individual Investors and Institutional Investors,CFA_B_2_SS_3,Study Session 3,CFA_B_2_SS_3_R_5,READING 5. THE BEHAVIORAL FINANCE PERSPECTIVE,CFA_B_2_SS_3_R_5_L_b,B) BEHAVIORAL FINANCE MODELS,2
CFA_B_2,Behavioral Finance Individual Investors and Institutional Investors,CFA_B_2_SS_3,Study Session 3,CFA_B_2_SS_3_R_6,READING 6. THE BEHAVIORAL BIASES OF INDIVIDUALS,CFA_B_2_SS_3_R_6_L_a,A) INDIVIDUALS BIASES,0
CFA_B_2,Behavioral Finance Individual Investors and Institutional Investors,CFA_B_2_SS_3,Study Session 3,CFA_B_2_SS_3_R_6,READING 6. THE BEHAVIORAL BIASES OF INDIVIDUALS,CFA_B_2_SS_3_R_6_L_b,B) BELIEF PERSEVERANCE BIASES,6
CFA_B_2,Behavioral Finance Individual Investors and Institutional Investors,CFA_B_2_SS_3,Study Session 3,CFA_B_2_SS_3_R_6,READING 6. THE BEHAVIORAL BIASES OF INDIVIDUALS,CFA_B_2_SS_3_R_6_L_c,C) INFORMATION PROCESSING BIASES,2
CFA_B_2,Behavioral Finance Individual Investors and Institutional Investors,CFA_B_2_SS_3,Study Session 3,CFA_B_2_SS_3_R_6,READING 6. THE BEHAVIORAL BIASES OF INDIVIDUALS,CFA_B_2_SS_3_R_6_L_d,D) EMOTIONAL BIASES(LOSERS),2
CFA_B_2,Behavioral Finance Individual Investors and Institutional Investors,CFA_B_2_SS_3,Study Session 3,CFA_B_2_SS_3_R_7,READING 7. BEHAVIORAL FINANCE AND INVESTMENT PROCESSES,CFA_B_2_SS_3_R_7_L_a,A) BEHAVIORAL FINANCE STRATEGIES AND LIMITATION,1
CFA_B_2,Behavioral Finance Individual Investors and Institutional Investors,CFA_B_2_SS_3,Study Session 3,CFA_B_2_SS_3_R_7,READING 7. BEHAVIORAL FINANCE AND INVESTMENT PROCESSES,CFA_B_2_SS_3_R_7_L_b,B) BEHAVIORAL MODELS OF INVESTOR CLASSIFICATION,5
CFA_B_2,Behavioral Finance Individual Investors and Institutional Investors,CFA_B_2_SS_3,Study Session 3,CFA_B_2_SS_3_R_7,READING 7. BEHAVIORAL FINANCE AND INVESTMENT PROCESSES,CFA_B_2_SS_3_R_7_L_c,C) OTHER POINTS,4
CFA_B_2,Behavioral Finance Individual Investors and Institutional Investors,CFA_B_2_SS_4,Study Session 4,CFA_B_2_SS_4_R_8,READING 8. MANAGING INDIVIDUAL INVESTOR PORTFOLIOS,CFA_B_2_SS_4_R_8_L_a,A) BASIC,0
CFA_B_2,Behavioral Finance Individual Investors and Institutional Investors,CFA_B_2_SS_4,Study Session 4,CFA_B_2_SS_4_R_8,READING 8. MANAGING INDIVIDUAL INVESTOR PORTFOLIOS,CFA_B_2_SS_4_R_8_L_b,B) SITUATIONAL PROFILING,4
CFA_B_2,Behavioral Finance Individual Investors and Institutional Investors,CFA_B_2_SS_4,Study Session 4,CFA_B_2_SS_4_R_8,READING 8. MANAGING INDIVIDUAL INVESTOR PORTFOLIOS,CFA_B_2_SS_4_R_8_L_c,C) INVESTMENT POLICY STATEMENT PROCESS,6
CFA_B_2,Behavioral Finance Individual Investors and Institutional Investors,CFA_B_2_SS_4,Study Session 4,CFA_B_2_SS_4_R_9,READING 9. TAXES AND PRIVATE WEALTH MANAGEMENT IN A GLOBAL CONTEXT,CFA_B_2_SS_4_R_9_L_a,A) TAXES,10
CFA_B_2,Behavioral Finance Individual Investors and Institutional Investors,CFA_B_2_SS_4,Study Session 4,CFA_B_2_SS_4_R_10,READING 10. ESTATE PLANNING IN A GLOBAL CONTEXT,CFA_B_2_SS_4_R_10_L_a,A)  ESTATE PLANNING,10
CFA_B_2,Behavioral Finance Individual Investors and Institutional Investors,CFA_B_2_SS_5,Study Session 5,CFA_B_2_SS_5_R_11,READING 11. CONCENTRATED SINGLE- ASSET POSITIONS,CFA_B_2_SS_5_R_11_L_a,A) CONCENTRATED POSITIONS,10
CFA_B_2,Behavioral Finance Individual Investors and Institutional Investors,CFA_B_2_SS_5,Study Session 5,CFA_B_2_SS_5_R_12,READING 12. RISK MANAGEMENT FOR INDIVIDUALS,CFA_B_2_SS_5_R_12_L_a,A) HUMAN CAPITAL,5
CFA_B_2,Behavioral Finance Individual Investors and Institutional Investors,CFA_B_2_SS_6,Study Session 6,CFA_B_2_SS_6_R_13,READING 13. MANAGING INSTITUTIONAL INVESTOR PORTFOLIOS,CFA_B_2_SS_6_R_13_L_a,A) BASICS,0
CFA_B_2,Behavioral Finance Individual Investors and Institutional Investors,CFA_B_2_SS_6,Study Session 6,CFA_B_2_SS_6_R_13,READING 13. MANAGING INSTITUTIONAL INVESTOR PORTFOLIOS,CFA_B_2_SS_6_R_13_L_b,B) PENSION FUNDS,4
CFA_B_2,Behavioral Finance Individual Investors and Institutional Investors,CFA_B_2_SS_6,Study Session 6,CFA_B_2_SS_6_R_13,READING 13. MANAGING INSTITUTIONAL INVESTOR PORTFOLIOS,CFA_B_2_SS_6_R_13_L_c,C) FOUNDATION,1
CFA_B_2,Behavioral Finance Individual Investors and Institutional Investors,CFA_B_2_SS_6,Study Session 6,CFA_B_2_SS_6_R_13,READING 13. MANAGING INSTITUTIONAL INVESTOR PORTFOLIOS,CFA_B_2_SS_6_R_13_L_d,D) ENDOWMENT,2
CFA_B_2,Behavioral Finance Individual Investors and Institutional Investors,CFA_B_2_SS_6,Study Session 6,CFA_B_2_SS_6_R_13,READING 13. MANAGING INSTITUTIONAL INVESTOR PORTFOLIOS,CFA_B_2_SS_6_R_13_L_e,E) INSURANCE COMPANY,1
CFA_B_2,Behavioral Finance Individual Investors and Institutional Investors,CFA_B_2_SS_6,Study Session 6,CFA_B_2_SS_6_R_13,READING 13. MANAGING INSTITUTIONAL INVESTOR PORTFOLIOS,CFA_B_2_SS_6_R_13_L_f,F) NON LIFE INSURANCE COMPANY,1
CFA_B_2,Behavioral Finance Individual Investors and Institutional Investors,CFA_B_2_SS_6,Study Session 6,CFA_B_2_SS_6_R_13,READING 13. MANAGING INSTITUTIONAL INVESTOR PORTFOLIOS,CFA_B_2_SS_6_R_13_L_g,G) BANKS,1
CFA_B_2,Behavioral Finance Individual Investors and Institutional Investors,CFA_B_2_SS_6,Study Session 6,CFA_B_2_SS_6_R_14,READING 14. LINKING PENSION LIABILITIES TO ASSETS,CFA_B_2_SS_6_R_14_L_a,A) LINKING PENSION LIABILITIES TO ASSETS,5
CFA_B_3,Capital Market Expectations and Asset Allocation,CFA_B_3_SS_7,Study Session 7,CFA_B_3_SS_7_R_15,READING 15. CAPITAL MARKET EXPECTATIONS,CFA_B_3_SS_7_R_15_L_a,A) CAPITAL MARKET EXPECTATIONS,5
CFA_B_3,Capital Market Expectations and Asset Allocation,CFA_B_3_SS_7,Study Session 7,CFA_B_3_SS_7_R_15,READING 15. CAPITAL MARKET EXPECTATIONS,CFA_B_3_SS_7_R_15_L_b,B) BUSINESS CYCLE,2
CFA_B_3,Capital Market Expectations and Asset Allocation,CFA_B_3_SS_7,Study Session 7,CFA_B_3_SS_7_R_15,READING 15. CAPITAL MARKET EXPECTATIONS,CFA_B_3_SS_7_R_15_L_c,C) TAYLOR RULE AND MONETARY POLICY,2
CFA_B_3,Capital Market Expectations and Asset Allocation,CFA_B_3_SS_7,Study Session 7,CFA_B_3_SS_7_R_15,READING 15. CAPITAL MARKET EXPECTATIONS,CFA_B_3_SS_7_R_15_L_d,D) ECONOMIC FORECASTING,1
CFA_B_3,Capital Market Expectations and Asset Allocation,CFA_B_3_SS_7,Study Session 7,CFA_B_3_SS_7_R_16,READING 16. EQUITY MARKET VALUATION,CFA_B_3_SS_7_R_16_L_a,A) EQUITY MARKET VALUATION,4
CFA_B_3,Capital Market Expectations and Asset Allocation,CFA_B_3_SS_7,Study Session 7,CFA_B_3_SS_7_R_16,READING 16. EQUITY MARKET VALUATION,CFA_B_3_SS_7_R_16_L_b,B) RELATIVE EQUITY MARKET VALUATION,1
CFA_B_3,Capital Market Expectations and Asset Allocation,CFA_B_3_SS_8,Study Session 8,CFA_B_3_SS_8_R_17,READING 17. ASSET ALLOCATION,CFA_B_3_SS_8_R_17_L_a,A) ASSET ALLOCATION,0
CFA_B_3,Capital Market Expectations and Asset Allocation,CFA_B_3_SS_8,Study Session 8,CFA_B_3_SS_8_R_17,READING 17. ASSET ALLOCATION,CFA_B_3_SS_8_R_17_L_b,B) INTERNATIONAL INVESTING,0
CFA_B_3,Capital Market Expectations and Asset Allocation,CFA_B_3_SS_8,Study Session 8,CFA_B_3_SS_8_R_17,READING 17. ASSET ALLOCATION,CFA_B_3_SS_8_R_17_L_c,C) APPROACHES TO ASSET ALLOCATION (OPTIMIZATION),0
CFA_B_3,Capital Market Expectations and Asset Allocation,CFA_B_3_SS_9,Study Session 9,CFA_B_3_SS_9_R_18,READING 18. CURRENCY MANAGEMENT: AN INTRODUCTION,CFA_B_3_SS_9_R_18_L_a,A) BASICS,0
CFA_B_3,Capital Market Expectations and Asset Allocation,CFA_B_3_SS_9,Study Session 9,CFA_B_3_SS_9_R_18,READING 18. CURRENCY MANAGEMENT: AN INTRODUCTION,CFA_B_3_SS_9_R_18_L_b,B) CURRENCY MANAGEMENT,0
CFA_B_3,Capital Market Expectations and Asset Allocation,CFA_B_3_SS_9,Study Session 9,CFA_B_3_SS_9_R_18,READING 18. CURRENCY MANAGEMENT: AN INTRODUCTION,CFA_B_3_SS_9_R_18_L_c,C) TACTICAL CURRENCY MANAGEMENT,0
CFA_B_3,Capital Market Expectations and Asset Allocation,CFA_B_3_SS_9,Study Session 9,CFA_B_3_SS_9_R_18,READING 18. CURRENCY MANAGEMENT: AN INTRODUCTION,CFA_B_3_SS_9_R_18_L_d,D) TOOLS OF CURRENCY MANAGEMENT,0
CFA_B_3,Capital Market Expectations and Asset Allocation,CFA_B_3_SS_9,Study Session 9,CFA_B_3_SS_9_R_19,READING 19. MARKET INDEXES AND BENCHMARKS,CFA_B_3_SS_9_R_19_L_a,A) BENCHMARK,0
CFA_B_3,Capital Market Expectations and Asset Allocation,CFA_B_3_SS_9,Study Session 9,CFA_B_3_SS_9_R_19,READING 19. MARKET INDEXES AND BENCHMARKS,CFA_B_3_SS_9_R_19_L_b,B) MARKET INDEX,0
CFA_B_4,Fixed Income and Equity Portfolio Management,CFA_B_4_SS_10,Study Session 10,CFA_B_4_SS_10_R_20,READING 20. FIXED- INCOME PORTFOLIO MANAGEMENT,CFA_B_4_SS_10_R_20_L_a,A) FIXED INCOME BASICS,0
CFA_B_4,Fixed Income and Equity Portfolio Management,CFA_B_4_SS_10,Study Session 10,CFA_B_4_SS_10_R_20,READING 20. FIXED- INCOME PORTFOLIO MANAGEMENT,CFA_B_4_SS_10_R_20_L_b,B) BOND INDEXING,2
CFA_B_4,Fixed Income and Equity Portfolio Management,CFA_B_4_SS_10,Study Session 10,CFA_B_4_SS_10_R_20,READING 20. FIXED- INCOME PORTFOLIO MANAGEMENT,CFA_B_4_SS_10_R_20_L_c,C) IMMUNIZATION,8
CFA_B_4,Fixed Income and Equity Portfolio Management,CFA_B_4_SS_10,Study Session 10,CFA_B_4_SS_10_R_21,READING 21. RELATIVE- VALUE METHODOLOGIES FOR GLOBAL CREDIT BOND PORTFOLIO MANAGEMENT,CFA_B_4_SS_10_R_21_L_a,A) RELATIVE VALUE ANALYSIS,5
CFA_B_4,Fixed Income and Equity Portfolio Management,CFA_B_4_SS_11,Study Session 11,CFA_B_4_SS_11_R_22,READING 22. FIXED- INCOME PORTFOLIO MANAGEMENT— PART II,CFA_B_4_SS_11_R_22_L_a,A) LEVERAGE EFFECT,2
CFA_B_4,Fixed Income and Equity Portfolio Management,CFA_B_4_SS_11,Study Session 11,CFA_B_4_SS_11_R_22,READING 22. FIXED- INCOME PORTFOLIO MANAGEMENT— PART II,CFA_B_4_SS_11_R_22_L_b,B) BOND RISK MEASURES,1
CFA_B_4,Fixed Income and Equity Portfolio Management,CFA_B_4_SS_11,Study Session 11,CFA_B_4_SS_11_R_22,READING 22. FIXED- INCOME PORTFOLIO MANAGEMENT— PART II,CFA_B_4_SS_11_R_22_L_c,C) FUTURES CONTRACTS,2
CFA_B_4,Fixed Income and Equity Portfolio Management,CFA_B_4_SS_11,Study Session 11,CFA_B_4_SS_11_R_22,READING 22. FIXED- INCOME PORTFOLIO MANAGEMENT— PART II,CFA_B_4_SS_11_R_22_L_d,D) USE OF DERIVATIVES TO MANAGE DURATION,1
CFA_B_4,Fixed Income and Equity Portfolio Management,CFA_B_4_SS_11,Study Session 11,CFA_B_4_SS_11_R_22,READING 22. FIXED- INCOME PORTFOLIO MANAGEMENT— PART II,CFA_B_4_SS_11_R_22_L_e,E) INTERNATIONAL BOND INVESTING,4
CFA_B_4,Fixed Income and Equity Portfolio Management,CFA_B_4_SS_12,Study Session 12,CFA_B_4_SS_12_R_23,READING 23. EQUITY PORTFOLIO MANAGEMENT,CFA_B_4_SS_12_R_23_L_a,A) ACTIVE PASSIVE AND SEMI-ACTIVE STRATEGIES,1
CFA_B_4,Fixed Income and Equity Portfolio Management,CFA_B_4_SS_12,Study Session 12,CFA_B_4_SS_12_R_23,READING 23. EQUITY PORTFOLIO MANAGEMENT,CFA_B_4_SS_12_R_23_L_b,B) EQUITY INDEX WEIGHTING,2
CFA_B_4,Fixed Income and Equity Portfolio Management,CFA_B_4_SS_12,Study Session 12,CFA_B_4_SS_12_R_23,READING 23. EQUITY PORTFOLIO MANAGEMENT,CFA_B_4_SS_12_R_23_L_c,C) METHODS OF PASSIVE INVESTING,1
CFA_B_4,Fixed Income and Equity Portfolio Management,CFA_B_4_SS_12,Study Session 12,CFA_B_4_SS_12_R_23,READING 23. EQUITY PORTFOLIO MANAGEMENT,CFA_B_4_SS_12_R_23_L_d,D) EQUITY PORTFOLIO INDEXING,1
CFA_B_4,Fixed Income and Equity Portfolio Management,CFA_B_4_SS_12,Study Session 12,CFA_B_4_SS_12_R_23,READING 23. EQUITY PORTFOLIO MANAGEMENT,CFA_B_4_SS_12_R_23_L_e,E) EQUITY INVESTOR STYLES,1
CFA_B_4,Fixed Income and Equity Portfolio Management,CFA_B_4_SS_12,Study Session 12,CFA_B_4_SS_12_R_23,READING 23. EQUITY PORTFOLIO MANAGEMENT,CFA_B_4_SS_12_R_23_L_f,F) STYLE ANALYSIS,1
CFA_B_4,Fixed Income and Equity Portfolio Management,CFA_B_4_SS_12,Study Session 12,CFA_B_4_SS_12_R_23,READING 23. EQUITY PORTFOLIO MANAGEMENT,CFA_B_4_SS_12_R_23_L_g,G) EQUITY INVESTMENT STRATEGIES,0
CFA_B_4,Fixed Income and Equity Portfolio Management,CFA_B_4_SS_12,Study Session 12,CFA_B_4_SS_12_R_23,READING 23. EQUITY PORTFOLIO MANAGEMENT,CFA_B_4_SS_12_R_23_L_h,H) FUNDAMENTAL LAW OF ACTIVE MANAGEMENT,2
CFA_B_4,Fixed Income and Equity Portfolio Management,CFA_B_4_SS_12,Study Session 12,CFA_B_4_SS_12_R_23,READING 23. EQUITY PORTFOLIO MANAGEMENT,CFA_B_4_SS_12_R_23_L_i,I) OTHERS,1
CFA_B_5,Alternative Investments Risk Management and the Application of Derivatives,CFA_B_5_SS_13,Study Session 13,CFA_B_5_SS_13_R_24,READING 24. ALTERNATIVE INVESTMENTS PORTFOLIO MANAGEMENT,CFA_B_5_SS_13_R_24_L_a,A) ALTERNATIVE INVESTMENT,2
CFA_B_5,Alternative Investments Risk Management and the Application of Derivatives,CFA_B_5_SS_13,Study Session 13,CFA_B_5_SS_13_R_24,READING 24. ALTERNATIVE INVESTMENTS PORTFOLIO MANAGEMENT,CFA_B_5_SS_13_R_24_L_b,B) REAL ESTATE,3
CFA_B_5,Alternative Investments Risk Management and the Application of Derivatives,CFA_B_5_SS_13,Study Session 13,CFA_B_5_SS_13_R_24,READING 24. ALTERNATIVE INVESTMENTS PORTFOLIO MANAGEMENT,CFA_B_5_SS_13_R_24_L_c,C) PRIVATE EQUITY,3
CFA_B_5,Alternative Investments Risk Management and the Application of Derivatives,CFA_B_5_SS_13,Study Session 13,CFA_B_5_SS_13_R_24,READING 24. ALTERNATIVE INVESTMENTS PORTFOLIO MANAGEMENT,CFA_B_5_SS_13_R_24_L_d,D) COMMODITIES,2
CFA_B_5,Alternative Investments Risk Management and the Application of Derivatives,CFA_B_5_SS_13,Study Session 13,CFA_B_5_SS_13_R_24,READING 24. ALTERNATIVE INVESTMENTS PORTFOLIO MANAGEMENT,CFA_B_5_SS_13_R_24_L_e,E) HEDGE FUND,1
CFA_B_5,Alternative Investments Risk Management and the Application of Derivatives,CFA_B_5_SS_13,Study Session 13,CFA_B_5_SS_13_R_24,READING 24. ALTERNATIVE INVESTMENTS PORTFOLIO MANAGEMENT,CFA_B_5_SS_13_R_24_L_f,F) MANAGED FUND,1
CFA_B_5,Alternative Investments Risk Management and the Application of Derivatives,CFA_B_5_SS_13,Study Session 13,CFA_B_5_SS_13_R_24,READING 24. ALTERNATIVE INVESTMENTS PORTFOLIO MANAGEMENT,CFA_B_5_SS_13_R_24_L_g,F) DISTRESS SECURITIES,0
CFA_B_5,Alternative Investments Risk Management and the Application of Derivatives,CFA_B_5_SS_14,Study Session 14,CFA_B_5_SS_14_R_25,READING 25. RISK MANAGEMENT,CFA_B_5_SS_14_R_25_L_a,A) RISK MANAGEMENT PROCESS AND SYSTEM,0
CFA_B_5,Alternative Investments Risk Management and the Application of Derivatives,CFA_B_5_SS_14,Study Session 14,CFA_B_5_SS_14_R_25,READING 25. RISK MANAGEMENT,CFA_B_5_SS_14_R_25_L_b,B) RISK TYPES,0
CFA_B_5,Alternative Investments Risk Management and the Application of Derivatives,CFA_B_5_SS_14,Study Session 14,CFA_B_5_SS_14_R_25,READING 25. RISK MANAGEMENT,CFA_B_5_SS_14_R_25_L_c,C) VALUE AT RISK (MARKET RISK FUNCTION),0
CFA_B_5,Alternative Investments Risk Management and the Application of Derivatives,CFA_B_5_SS_14,Study Session 14,CFA_B_5_SS_14_R_25,READING 25. RISK MANAGEMENT,CFA_B_5_SS_14_R_25_L_d,D) MANAGING MARKET RISK,0
CFA_B_5,Alternative Investments Risk Management and the Application of Derivatives,CFA_B_5_SS_14,Study Session 14,CFA_B_5_SS_14_R_25,READING 25. RISK MANAGEMENT,CFA_B_5_SS_14_R_25_L_e,E) CREDIT RISK,0
CFA_B_5,Alternative Investments Risk Management and the Application of Derivatives,CFA_B_5_SS_14,Study Session 14,CFA_B_5_SS_14_R_25,READING 25. RISK MANAGEMENT,CFA_B_5_SS_14_R_25_L_f,F) PERFORMANCE EVALUATION,0
CFA_B_5,Alternative Investments Risk Management and the Application of Derivatives,CFA_B_5_SS_15,Study Session 15,CFA_B_5_SS_15_R_26,READING 26. RISK MANAGEMENT APPLICATIONS OF FORWARD AND FUTURES STRATEGIES,CFA_B_5_SS_15_R_26_L_a,A) RISK MANAGEMENT OF  FUTURES & FORWARDS,10
CFA_B_5,Alternative Investments Risk Management and the Application of Derivatives,CFA_B_5_SS_15,Study Session 15,CFA_B_5_SS_15_R_27,READING 27. RISK MANAGEMENT APPLICATIONS OF OPTION STRATEGIES,CFA_B_5_SS_15_R_27_L_a,A) RISK MANAGEMENT APPLICATIONS OF OPTIONS STRATEGIES-I,1
CFA_B_5,Alternative Investments Risk Management and the Application of Derivatives,CFA_B_5_SS_15,Study Session 15,CFA_B_5_SS_15_R_27,READING 27. RISK MANAGEMENT APPLICATIONS OF OPTION STRATEGIES,CFA_B_5_SS_15_R_27_L_b,B) RISK MANAGEMENT APPLICATIONS OF OPTIONS STRATEGIES-II,5
CFA_B_5,Alternative Investments Risk Management and the Application of Derivatives,CFA_B_5_SS_15,Study Session 15,CFA_B_5_SS_15_R_27,READING 27. RISK MANAGEMENT APPLICATIONS OF OPTION STRATEGIES,CFA_B_5_SS_15_R_27_L_c,C) INTEREST RATE OPTIONS,4
CFA_B_5,Alternative Investments Risk Management and the Application of Derivatives,CFA_B_5_SS_15,Study Session 15,CFA_B_5_SS_15_R_28,READING 28. RISK MANAGEMENT APPLICATIONS OF SWAP STRATEGIES,CFA_B_5_SS_15_R_28_L_a,A) RISK MANAGEMENT APPLICATIONS OF SWAP STRATEGIES,5
CFA_B_6,Portfolio: Execution Evaluation and Attribution and Global Investment Performance Standards,CFA_B_6_SS_16,Study Session 16,CFA_B_6_SS_16_R_29,READING 29. EXECUTION OF PORTFOLIO DECISIONS,CFA_B_6_SS_16_R_29_L_a,A) PORTFOLIO EXECUTION,3
CFA_B_6,Portfolio: Execution Evaluation and Attribution and Global Investment Performance Standards,CFA_B_6_SS_16,Study Session 16,CFA_B_6_SS_16_R_29,READING 29. EXECUTION OF PORTFOLIO DECISIONS,CFA_B_6_SS_16_R_29_L_b,B) EXECUTION COSTS,1
CFA_B_6,Portfolio: Execution Evaluation and Attribution and Global Investment Performance Standards,CFA_B_6_SS_16,Study Session 16,CFA_B_6_SS_16_R_29,READING 29. EXECUTION OF PORTFOLIO DECISIONS,CFA_B_6_SS_16_R_29_L_c,C) ALGO TRADING AND TRADING TACTICS,1
CFA_B_6,Portfolio: Execution Evaluation and Attribution and Global Investment Performance Standards,CFA_B_6_SS_16,Study Session 16,CFA_B_6_SS_16_R_30,READING 30. MONITORING AND REBALANCING,CFA_B_6_SS_16_R_30_L_a,A) MONITORING AND REBALANCING,3
CFA_B_6,Portfolio: Execution Evaluation and Attribution and Global Investment Performance Standards,CFA_B_6_SS_16,Study Session 16,CFA_B_6_SS_16_R_30,READING 30. MONITORING AND REBALANCING,CFA_B_6_SS_16_R_30_L_b,B) REBALANCING STRATEGIES IN DIFFERENT MARKETS,2
CFA_B_6,Portfolio: Execution Evaluation and Attribution and Global Investment Performance Standards,CFA_B_6_SS_17,Study Session 17,CFA_B_6_SS_17_R_31,READING 31. EVALUATING PORTFOLIO PERFORMANCE,CFA_B_6_SS_17_R_31_L_a,A) COMPONENTS OF PERFORMANCE EVALUATION,1
CFA_B_6,Portfolio: Execution Evaluation and Attribution and Global Investment Performance Standards,CFA_B_6_SS_17,Study Session 17,CFA_B_6_SS_17_R_31,READING 31. EVALUATING PORTFOLIO PERFORMANCE,CFA_B_6_SS_17_R_31_L_b,B) BENCHMARK,3
CFA_B_6,Portfolio: Execution Evaluation and Attribution and Global Investment Performance Standards,CFA_B_6_SS_17,Study Session 17,CFA_B_6_SS_17_R_31,READING 31. EVALUATING PORTFOLIO PERFORMANCE,CFA_B_6_SS_17_R_31_L_c,C) PERFORMANCE ATTRIBUTION,1
CFA_B_6,Portfolio: Execution Evaluation and Attribution and Global Investment Performance Standards,CFA_B_6_SS_17,Study Session 17,CFA_B_6_SS_17_R_31,READING 31. EVALUATING PORTFOLIO PERFORMANCE,CFA_B_6_SS_17_R_31_L_d,D) FIXED INCOME PERFORMANCE ATTRIBUTION,0
CFA_B_6,Portfolio: Execution Evaluation and Attribution and Global Investment Performance Standards,CFA_B_6_SS_17,Study Session 17,CFA_B_6_SS_17_R_31,READING 31. EVALUATING PORTFOLIO PERFORMANCE,CFA_B_6_SS_17_R_31_L_e,E) RISK ADJUSTED PERFORMANCE MEASURE,0
CFA_B_6,Portfolio: Execution Evaluation and Attribution and Global Investment Performance Standards,CFA_B_6_SS_18,Study Session 18,CFA_B_6_SS_18_R_32,READING 32. OVERVIEW OF THE GLOBAL INVESTMENT PERFORMANCE STANDARDS,CFA_B_6_SS_18_R_32_L_a,A) GIPS CHARACTERISTICS,0
CFA_B_6,Portfolio: Execution Evaluation and Attribution and Global Investment Performance Standards,CFA_B_6_SS_18,Study Session 18,CFA_B_6_SS_18_R_32,READING 32. OVERVIEW OF THE GLOBAL INVESTMENT PERFORMANCE STANDARDS,CFA_B_6_SS_18_R_32_L_b,B) COMPOSITE,0
CFA_B_6,Portfolio: Execution Evaluation and Attribution and Global Investment Performance Standards,CFA_B_6_SS_18,Study Session 18,CFA_B_6_SS_18_R_32,READING 32. OVERVIEW OF THE GLOBAL INVESTMENT PERFORMANCE STANDARDS,CFA_B_6_SS_18_R_32_L_c,C) GIPS  DISCLOSURES REQUIREMENTS,0
CFA_B_6,Portfolio: Execution Evaluation and Attribution and Global Investment Performance Standards,CFA_B_6_SS_18,Study Session 18,CFA_B_6_SS_18_R_32,READING 32. OVERVIEW OF THE GLOBAL INVESTMENT PERFORMANCE STANDARDS,CFA_B_6_SS_18_R_32_L_d,D) GIPS ADVERTISING GUIDELINE,0
CFA_B_6,Portfolio: Execution Evaluation and Attribution and Global Investment Performance Standards,CFA_B_6_SS_18,Study Session 18,CFA_B_6_SS_18_R_32,READING 32. OVERVIEW OF THE GLOBAL INVESTMENT PERFORMANCE STANDARDS,CFA_B_6_SS_18_R_32_L_e,E) ASSET SPECIFIC GIPS STANDARDS,0
